,TYPE,PRICE,BEDS,BATH,PROPERTYSQFT,SUBLOCALITY
0,Condo,315000,2,2.0,1400.0,Manhattan
9,Co-op,440000,2,1.0,978.0,Brooklyn
12,Co-op,259000,3,1.0,2184.207862,Queens
13,Co-op,430000,2,2.0,2184.207862,Queens
15,Condo,549000,2,2.0,1000.0,Staten Island
17,Co-op,199000,3,1.0,325.0,Brooklyn
19,Condo,599000,2,2.0,974.0,Queens
21,Condo,1300000,2,2.0,1244.0,Queens
23,Condo,349900,1,1.0,651.0,Staten Island
26,Co-op,325000,1,1.0,2184.207862,Queens
29,Multi-family,1299888,10,6.0,3156.0,Staten Island
32,Multi-family,1300000,10,8.0,5040.0,Staten Island
34,Co-op,279000,1,1.0,750.0,Brooklyn
35,Condo,528000,1,1.0,602.0,Brooklyn
36,Multi-family,1299888,11,4.0,3156.0,Staten Island
37,Co-op,275000,1,1.0,2184.207862,Queens
38,Condo,1165000,1,1.0,815.0,Brooklyn
44,Co-op,369000,2,1.0,2184.207862,Queens
48,Condo,329000,2,1.0,837.0,Staten Island
52,Co-op,220500,2,1.0,900.0,Staten Island
54,Co-op,3250000,2,2.0,1300.0,Manhattan
55,Condo,1650000,2,2.0,1267.0,Brooklyn
61,Co-op,559500,1,1.0,800.0,Brooklyn
64,Condo,1250000,2,2.0,1201.0,Brooklyn
65,Condo,1395000,2,2.0,1182.0,Brooklyn
66,Co-op,198000,1,1.0,2184.207862,Queens
72,Condo,1175000,2,2.0,1115.0,Brooklyn
95,Co-op,539000,2,2.0,1100.0,Brooklyn
100,Co-op,280000,1,1.0,1000.0,Brooklyn
127,Condo,189000,2,2.0,966.0,Staten Island
128,Condo,759000,3,2.0,1200.0,Queens
135,Co-op,1399000,3,4.0,1993.0,Queens
136,Condo,649000,3,2.0,1182.0,Queens
151,Condo,250000,3,1.0,2184.207862,Brooklyn
157,Co-op,449000,2,2.0,1549.0,Queens
161,Condo,2000000,3,2.0,2000.0,Manhattan
184,Condo,198000,1,1.0,750.0,Queens
194,Co-op,1895000,2,2.0,2184.207862,Brooklyn
204,Condo,725000,2,2.0,792.0,Brooklyn
220,Co-op,358000,2,1.0,2184.207862,Queens
223,Co-op,498000,2,1.0,975.0,Brooklyn
224,Co-op,385000,1,2.0,900.0,Queens
226,Co-op,399000,1,1.0,2184.207862,Queens
230,Co-op,1088000,5,2.0,2184.207862,Queens
233,Co-op,265000,1,1.0,700.0,Queens
234,Co-op,288000,1,1.0,845.0,Brooklyn
238,Co-op,349000,2,1.0,2184.207862,Queens
241,Co-op,329000,1,1.0,820.0,Queens
245,Condo,430000,2,2.0,1248.0,Staten Island
247,Co-op,439500,3,2.0,1400.0,Queens
248,Co-op,299000,1,1.0,2184.207862,Queens
255,Co-op,220000,1,1.0,590.0,Queens
256,Co-op,198000,3,1.0,2184.207862,Queens
259,Co-op,199900,2,1.0,2184.207862,Queens
262,Co-op,229000,1,1.0,2184.207862,Queens
265,Co-op,295000,2,1.0,700.0,Brooklyn
268,Co-op,328000,1,1.0,800.0,Queens
275,Co-op,849000,2,1.0,800.0,Brooklyn
280,Co-op,849000,2,1.0,800.0,Brooklyn
281,Co-op,418888,2,1.0,900.0,Brooklyn
285,Co-op,199000,1,1.0,2184.207862,Queens
309,Co-op,370000,1,1.0,2184.207862,Brooklyn
314,Co-op,259000,1,1.0,750.0,Brooklyn
318,Condo,99000,1,1.0,2184.207862,Brooklyn
319,Co-op,535000,1,1.0,750.0,Brooklyn
346,Co-op,459000,2,1.0,950.0,Queens
349,Condo,559000,1,1.0,679.0,Manhattan
358,Condo,289000,1,1.0,666.0,Brooklyn
359,Condo,699000,1,1.0,616.0,Brooklyn
362,Condo,1355000,2,2.0,1002.0,Brooklyn
363,Condo,1225000,2,2.0,882.0,Brooklyn
368,Co-op,202000,2,1.0,1453.0,Queens
371,Co-op,599000,3,1.0,1200.0,Brooklyn
372,Condo,235000,2,1.0,860.0,Staten Island
387,Co-op,365000,2,1.0,2184.207862,Queens
415,Co-op,235000,3,2.0,1400.0,Queens
436,Condo,189000,1,1.0,730.0,Staten Island
446,Co-op,295000,3,1.0,2184.207862,Queens
459,Condo,965000,3,1.0,540.0,Brooklyn
468,Co-op,259500,2,1.0,2184.207862,Queens
470,Condo,749000,2,2.0,1300.0,Queens
502,Co-op,235000,3,1.0,2184.207862,Queens
505,Condo,485000,3,2.0,2184.207862,Brooklyn
506,Co-op,215000,3,1.0,1100.0,Brooklyn
508,Co-op,270000,2,2.0,900.0,Queens
510,Co-op,565000,1,1.0,2184.207862,Brooklyn
512,Co-op,199000,2,1.0,2184.207862,Queens
519,Co-op,300000,2,1.0,900.0,Staten Island
523,Co-op,350000,2,1.0,825.0,Brooklyn
536,Condo,699000,2,2.0,833.0,Queens
537,Co-op,278500,2,1.0,2184.207862,Queens
540,Co-op,369000,1,1.0,1470.0,Queens
548,Condo,434900,3,2.0,1286.0,Staten Island
552,Co-op,549000,2,2.0,1200.0,Queens
563,Condo,575000,2,2.0,2184.207862,Queens
570,Co-op,219000,3,1.0,1050.0,Brooklyn
578,Condo,550000,2,2.0,2184.207862,Queens
582,Co-op,410000,1,1.0,2184.207862,Brooklyn
585,Co-op,325000,2,1.0,2184.207862,Queens
594,Condo,799999,3,2.0,1200.0,Queens
599,Co-op,299000,3,1.0,2184.207862,Brooklyn
602,Co-op,259000,2,1.0,2184.207862,Queens
603,Co-op,425000,2,1.0,2184.207862,Queens
607,Co-op,259000,2,1.0,2184.207862,Queens
611,Co-op,419000,2,1.0,2184.207862,Queens
618,Co-op,219000,2,1.0,2184.207862,Queens
630,Co-op,239000,2,1.0,798.0,Queens
636,Co-op,369888,2,2.0,2184.207862,Queens
663,Co-op,185000,1,1.0,2184.207862,Brooklyn
669,Condo,609000,2,2.0,2184.207862,Queens
670,Co-op,250000,2,1.0,950.0,Brooklyn
673,Condo,109500,3,1.0,550.0,Staten Island
677,Co-op,299000,2,1.0,2184.207862,Queens
687,Condo,478900,1,1.0,554.0,Queens
700,Condo,355000,1,1.0,514.0,Brooklyn
704,Co-op,220000,1,1.0,2184.207862,Queens
705,Co-op,489000,2,2.0,1549.0,Queens
715,Co-op,315000,1,1.0,850.0,Queens
723,Co-op,115000,3,1.0,2184.207862,Queens
725,Condo,699000,2,2.0,1766.0,Queens
728,Condo,410000,2,2.0,2184.207862,Queens
742,Co-op,259000,1,1.0,2184.207862,Queens
743,House,850000,6,3.0,2280.0,Brooklyn
746,Co-op,825000,2,1.0,800.0,Brooklyn
747,Co-op,1075000,4,2.0,1800.0,Queens
751,Condo,578000,2,2.0,900.0,Queens
753,Condo,629000,3,2.0,1360.0,Brooklyn
754,Condo,329900,2,2.0,993.0,Queens
769,Co-op,675000,2,2.0,1200.0,Brooklyn
772,Co-op,368000,2,2.0,2184.207862,Queens
775,Co-op,365000,2,1.0,2184.207862,Queens
780,Co-op,225000,2,1.0,789.0,Staten Island
787,Co-op,385000,2,1.0,800.0,Queens
808,Co-op,228500,1,1.0,750.0,Queens
809,Co-op,305000,2,1.0,2184.207862,Queens
824,Co-op,335000,2,1.0,745.0,Queens
830,Co-op,335000,2,1.0,745.0,Queens
834,Condo,720000,3,2.0,1046.0,Brooklyn
842,Co-op,887785,2,2.0,2184.207862,Queens
843,Condo,499999,3,1.0,701.0,Brooklyn
848,Condo,699900,1,1.0,2184.207862,Queens
853,Co-op,188000,3,1.0,2184.207862,Queens
856,Condo,705000,2,2.0,2184.207862,Queens
858,Co-op,389000,2,1.0,2184.207862,Queens
859,Co-op,350000,2,1.0,2184.207862,Brooklyn
862,Co-op,350000,2,1.0,2184.207862,Brooklyn
872,Townhouse,4250000,3,4.0,3376.0,Brooklyn
880,Condo,929000,3,2.0,2184.207862,Queens
881,Co-op,629000,2,2.0,1600.0,Queens
883,Co-op,315000,2,1.0,2184.207862,Queens
884,Condo,698000,2,2.0,824.0,Queens
903,Condo,2099000,3,2.0,1711.0,Brooklyn
904,Co-op,575000,3,2.0,1480.0,Brooklyn
909,Condo,345000,1,1.0,2184.207862,Queens
911,Co-op,379000,2,2.0,1160.0,Brooklyn
931,Condo,410000,2,1.0,2184.207862,Staten Island
932,Co-op,269000,1,1.0,900.0,Queens
935,Co-op,550000,2,1.0,1069.0,Queens
941,Co-op,330000,3,1.0,2184.207862,Queens
943,Co-op,619000,2,2.0,1200.0,Brooklyn
948,Co-op,800000,2,2.0,2184.207862,Queens
954,Co-op,300000,3,1.0,1200.0,Brooklyn
967,Co-op,265000,2,1.0,1100.0,Brooklyn
994,Co-op,279000,2,1.0,2184.207862,Queens
995,Condo,479000,2,2.0,1008.0,Staten Island
999,Co-op,450000,3,2.0,1026.0,Queens
1007,Co-op,378000,2,1.0,2184.207862,Queens
1009,Co-op,149000,1,1.0,2184.207862,Queens
1012,Co-op,195000,1,1.0,2184.207862,Queens
1021,Co-op,445000,3,2.0,2184.207862,Queens
1032,Co-op,329000,1,1.0,750.0,Brooklyn
1041,Condo,275000,1,1.0,850.0,Brooklyn
1043,Condo,568000,2,1.0,550.0,Brooklyn
1045,Condo,568000,2,1.0,550.0,Brooklyn
1055,Co-op,169000,1,1.0,680.0,Brooklyn
1065,Condo,509000,3,1.0,2184.207862,Queens
1070,Co-op,269000,1,1.0,2184.207862,Queens
1076,Co-op,329000,1,1.0,2184.207862,Queens
1082,Co-op,169999,2,1.0,2184.207862,Queens
1083,Co-op,439000,1,1.0,950.0,Staten Island
1085,Co-op,448000,3,1.0,2184.207862,Queens
1091,Condo,2700000,3,3.0,1398.0,Brooklyn
1095,Condo,750000,2,2.0,995.0,Queens
1104,Co-op,519999,3,2.0,1100.0,Queens
1116,Co-op,319000,2,1.0,925.0,Queens
1123,Co-op,255000,1,1.0,750.0,Brooklyn
1128,Condo,450000,2,1.0,2184.207862,Queens
1141,Condo,1300000,2,2.0,1100.0,Brooklyn
1142,Co-op,310000,2,1.0,675.0,Queens
1145,Co-op,239900,1,1.0,585.0,Queens
1146,Co-op,257000,3,1.0,450.0,Brooklyn
1147,Condo,1090000,2,2.0,1860.0,Queens
1156,Condo,1090000,2,2.0,1860.0,Queens
1169,Co-op,269000,1,1.0,700.0,Queens
1176,Condo,789000,2,2.0,1230.0,Brooklyn
1195,Co-op,259000,1,1.0,2184.207862,Queens
1210,Co-op,119888,1,1.0,2184.207862,Queens
1217,Condo,499000,3,2.0,1156.0,Queens
1221,Co-op,315000,2,1.0,850.0,Brooklyn
1232,Co-op,659000,1,1.0,440.0,Brooklyn
1236,Co-op,398000,3,2.0,1571.0,Queens
1249,Co-op,719000,3,2.0,1440.0,Queens
1252,Condo,4250000,3,4.0,2054.0,Manhattan
1264,Co-op,325000,2,1.0,2184.207862,Queens
1273,Co-op,680000,1,1.0,2184.207862,Brooklyn
1274,Co-op,258888,1,1.0,650.0,Brooklyn
1284,Co-op,349000,1,1.0,1017.0,Queens
1287,Condo,569000,2,2.0,2184.207862,Queens
1288,Condo,238000,1,1.0,650.0,Staten Island
1293,Condo,472000,1,1.0,700.0,Queens
1296,Condo,472000,1,1.0,700.0,Queens
1301,Co-op,210000,2,1.0,1000.0,Queens
1304,Multi-family,1799000,3,1.0,5400.0,Staten Island
1310,Co-op,299999,2,2.0,1300.0,Queens
1313,Co-op,200000,1,1.0,2184.207862,Queens
1316,Co-op,299999,2,2.0,1300.0,Queens
1317,Condo,599000,2,2.0,1095.0,Brooklyn
1325,Co-op,232500,1,1.0,2184.207862,Queens
1330,Co-op,430000,2,1.0,2184.207862,Queens
1336,Co-op,100000,3,1.0,512.0,Queens
1337,Co-op,299000,1,1.0,2184.207862,Queens
1338,Condo,625000,2,2.0,995.0,Queens
1340,Co-op,699999,3,2.0,2184.207862,Brooklyn
1346,Co-op,270000,1,1.0,2184.207862,Brooklyn
1347,Condo,625000,2,1.0,825.0,Queens
1352,Condo,979000,3,2.0,1272.0,Brooklyn
1360,Co-op,245000,2,1.0,900.0,Brooklyn
1372,Condo,719000,3,2.0,2184.207862,Queens
1373,Co-op,169000,3,1.0,2184.207862,Queens
1380,Condo,558000,1,1.0,751.0,Brooklyn
1383,Condo,399900,2,2.0,853.0,Staten Island
1387,Condo,255500,1,1.0,950.0,Staten Island
1394,Co-op,220000,1,1.0,500.0,Brooklyn
1398,Co-op,399000,2,2.0,1050.0,Brooklyn
1400,Co-op,129000,3,1.0,2184.207862,Queens
1401,Co-op,329000,1,1.0,2184.207862,Queens
1405,Co-op,560000,2,2.0,2184.207862,Queens
1408,Co-op,129000,3,1.0,2184.207862,Queens
1409,Co-op,888000,3,2.0,1600.0,Queens
1413,Condo,1078000,3,2.0,2184.207862,Queens
1416,Co-op,293900,1,1.0,2184.207862,Queens
1422,Co-op,150000,3,1.0,600.0,Queens
1423,Condo,354900,2,1.0,673.0,Brooklyn
1428,Condo,624999,3,2.0,2184.207862,Brooklyn
1435,Co-op,250000,2,1.0,2184.207862,Queens
1443,Condo,785000,2,2.0,968.0,Brooklyn
1449,Condo,1700000,2,2.0,1580.0,Brooklyn
1450,Co-op,339000,1,1.0,1085.0,Brooklyn
1457,Condo,575000,3,2.0,877.0,Queens
1462,Co-op,175000,3,1.0,2184.207862,Brooklyn
1472,Co-op,480000,2,1.0,2184.207862,Queens
1476,Co-op,285000,1,1.0,750.0,Brooklyn
1479,Co-op,729000,2,2.0,1700.0,Queens
1480,Co-op,199999,1,1.0,2184.207862,Queens
1485,Condo,725000,3,2.0,1185.0,Brooklyn
1492,Co-op,319000,2,1.0,2184.207862,Queens
1496,Condo,455000,2,1.0,939.0,Staten Island
1497,Co-op,319000,2,1.0,2184.207862,Queens
1502,Condo,849000,3,2.0,1241.0,Brooklyn
1504,Co-op,650000,3,1.0,2184.207862,Brooklyn
1506,Condo,495000,2,1.0,800.0,Queens
1517,Co-op,174000,1,1.0,800.0,Brooklyn
1524,Condo,575000,2,2.0,1253.0,Queens
1528,Co-op,1295000,2,2.0,2100.0,Brooklyn
1533,Co-op,209900,1,1.0,780.0,Brooklyn
1534,Co-op,539000,1,1.0,2184.207862,Brooklyn
1547,Condo,680000,2,2.0,1058.0,Queens
1550,Condo,845000,3,2.0,2184.207862,Queens
1552,Co-op,899000,2,2.0,1300.0,Brooklyn
1555,Co-op,169000,1,1.0,850.0,Queens
1557,Co-op,695000,2,2.0,2184.207862,Queens
1560,Co-op,169000,1,1.0,850.0,Queens
1566,Co-op,335000,1,1.0,756.0,Brooklyn
1568,Condo,1495000,2,2.0,1098.0,Brooklyn
1576,Condo,568000,2,2.0,1253.0,Queens
1582,Co-op,169000,1,1.0,2184.207862,Queens
1592,Co-op,335000,3,2.0,2184.207862,Queens
1593,Co-op,549000,3,1.0,1200.0,Brooklyn
1597,Condo,9500000,4,4.0,3655.0,Brooklyn
1602,Condo,599000,2,2.0,2184.207862,Queens
1603,Co-op,225000,1,1.0,2184.207862,Queens
1610,Condo,1100000,2,1.0,807.0,Brooklyn
1615,Condo,549000,3,2.0,2184.207862,Queens
1623,Co-op,230000,1,1.0,2184.207862,Queens
1633,Co-op,230000,1,1.0,2184.207862,Queens
1635,Condo,378888,1,1.0,718.0,Staten Island
1640,Condo,850000,1,1.0,626.0,Brooklyn
1651,Co-op,1895000,3,2.0,2184.207862,Brooklyn
1652,Condo,668000,2,2.0,2184.207862,Queens
1664,Condo,1695000,2,2.0,1117.0,Brooklyn
1665,Co-op,385000,2,1.0,2184.207862,Brooklyn
1667,Co-op,249999,2,1.0,750.0,Brooklyn
1670,Co-op,270000,1,1.0,2184.207862,Queens
1676,Co-op,329888,3,1.0,2184.207862,Queens
1677,Co-op,311000,1,1.0,780.0,Brooklyn
1678,Condo,649000,3,2.0,804.0,Brooklyn
1682,Co-op,305000,1,1.0,750.0,Brooklyn
1683,Co-op,599000,3,2.0,2184.207862,Queens
1688,Condo,699000,2,2.0,967.0,Queens
1699,Condo,369000,3,1.0,2184.207862,Brooklyn
1700,Co-op,299000,1,1.0,750.0,Brooklyn
1703,Co-op,279000,2,1.0,810.0,Queens
1713,Co-op,228888,1,1.0,900.0,Queens
1714,Co-op,199888,2,1.0,2184.207862,Queens
1718,Co-op,699000,2,1.0,1100.0,Brooklyn
1721,Co-op,538888,3,2.0,1500.0,Queens
1724,Co-op,275000,1,1.0,2184.207862,Queens
1726,Co-op,270000,3,1.0,275.0,Brooklyn
1730,Co-op,595000,3,2.0,2184.207862,Brooklyn
1732,Co-op,288000,2,1.0,2184.207862,Queens
1738,Condo,1475000,2,2.0,1048.0,Brooklyn
1756,Co-op,199000,1,1.0,2184.207862,Queens
1757,Co-op,239000,1,1.0,801.0,Queens
1765,Co-op,155000,3,1.0,2184.207862,Queens
1776,Condo,14995000,6,2.3738608579684373,8500.0,Brooklyn
1780,Condo,749000,1,2.0,879.0,Queens
1782,Townhouse,549999,3,2.0,1677.0,Staten Island
1784,Condo,695000,2,2.0,845.0,Brooklyn
1786,Condo,699000,3,2.0,1779.0,Brooklyn
1789,Condo,540000,3,2.0,2184.207862,Staten Island
1793,Co-op,569000,3,2.0,2184.207862,Queens
1797,Condo,199999,1,1.0,750.0,Brooklyn
1798,Condo,569000,1,1.0,490.0,Queens
1808,Co-op,1850000,5,3.0,3000.0,Queens
1809,Condo,435000,1,1.0,661.0,Queens
1824,Co-op,575000,3,2.0,1350.0,Queens
1829,Condo,798000,2,2.0,1190.0,Queens
1831,Condo,399000,1,1.0,616.0,Queens
1833,Condo,450000,1,1.0,776.0,Staten Island
1837,Co-op,399000,3,2.0,1492.0,Queens
1845,Condo,550000,1,1.0,720.0,Queens
1846,Co-op,549999,3,1.0,1020.0,Queens
1854,Condo,7995000,3,4.0,2789.0,Brooklyn
1855,Condo,480000,1,1.0,506.0,Brooklyn
1860,House,1759000,3,2.3738608579684373,2100.0,Brooklyn
1861,Co-op,499000,2,1.0,2184.207862,Brooklyn
1867,Co-op,1099000,2,1.0,2184.207862,Brooklyn
1872,Co-op,409000,2,1.0,2184.207862,Queens
1873,Condo,275000,2,2.0,969.0,Brooklyn
1884,Co-op,135000,1,1.0,792.0,Queens
1885,Co-op,468000,2,1.0,1200.0,Queens
1887,Co-op,318000,1,1.0,748.0,Queens
1888,Condo,649000,2,1.0,705.0,Queens
1907,Co-op,319999,1,1.0,660.0,Brooklyn
1908,Condo,999000,3,2.0,1301.0,Brooklyn
1909,Co-op,475000,1,1.0,950.0,Queens
1914,Co-op,225000,1,1.0,2184.207862,Queens
1915,Co-op,284888,1,1.0,2184.207862,Queens
1921,Co-op,295000,1,2.0,980.0,Queens
1925,Co-op,289000,1,1.0,750.0,Brooklyn
1930,Co-op,155000,1,1.0,2184.207862,Queens
1931,Co-op,689000,3,2.0,1500.0,Queens
1935,Co-op,260000,1,1.0,800.0,Brooklyn
1937,Condo,749000,1,2.0,908.0,Queens
1941,Condo,297000,3,1.0,600.0,Brooklyn
1947,Co-op,475000,2,2.0,1150.0,Brooklyn
1948,Co-op,209000,1,1.0,2184.207862,Brooklyn
1950,Co-op,259000,1,1.0,625.0,Brooklyn
1954,Condo,1088000,4,2.0,2184.207862,Queens
1958,Condo,1088000,4,2.0,2184.207862,Queens
1967,Co-op,188000,3,1.0,300.0,Brooklyn
1973,Condo,875000,2,2.0,1050.0,Brooklyn
1978,Co-op,525000,2,1.0,1300.0,Brooklyn
1979,Condo,715000,2,2.0,1021.0,Brooklyn
1986,Co-op,375000,1,1.0,2184.207862,Queens
1988,Co-op,750000,3,2.0,2184.207862,Queens
2003,Co-op,338000,1,1.0,2184.207862,Queens
2007,Co-op,339000,1,1.0,2184.207862,Queens
2016,Co-op,439900,2,1.0,1000.0,Queens
2018,Co-op,358000,2,1.0,2184.207862,Queens
2025,Co-op,650000,2,2.0,1200.0,Queens
2026,Co-op,589000,2,2.0,1100.0,Brooklyn
2035,Co-op,199000,1,1.0,2184.207862,Queens
2038,Co-op,239000,3,1.0,450.0,Brooklyn
2044,Co-op,439999,1,2.0,1215.0,Queens
2047,Townhouse,1895000,5,4.0,2400.0,Brooklyn
2048,Condo,759000,3,2.0,2184.207862,Queens
2051,Co-op,234900,1,1.0,753.0,Queens
2052,Co-op,675000,2,1.0,2184.207862,Queens
2057,Co-op,525000,2,1.0,1000.0,Brooklyn
2058,Co-op,385000,2,2.0,2184.207862,Queens
2059,Co-op,199000,1,1.0,2184.207862,Queens
2060,Co-op,670000,2,2.0,2184.207862,Queens
2063,Co-op,305000,2,1.0,600.0,Queens
2068,Co-op,279000,1,1.0,2184.207862,Queens
2071,Condo,750000,1,1.0,943.0,Brooklyn
2077,Co-op,175000,1,1.0,800.0,Brooklyn
2082,Condo,699000,2,2.0,1320.0,Queens
2085,Co-op,685000,1,1.0,2184.207862,Brooklyn
2088,Co-op,189000,1,1.0,2184.207862,Queens
2091,Condo,559000,1,1.0,830.0,Brooklyn
2093,Co-op,379000,2,1.0,1000.0,Brooklyn
2095,Co-op,599000,2,2.0,1200.0,Brooklyn
2098,Multi-family,875000,9,6.0,5712.0,Brooklyn
2102,Condo,1530000,2,2.0,1229.0,Brooklyn
2108,Co-op,575000,2,2.0,2184.207862,Queens
2111,Co-op,309000,1,2.0,1074.0,Queens
2116,Condo,399000,1,1.0,561.0,Brooklyn
2118,Co-op,225000,1,1.0,2184.207862,Queens
2120,Condo,164999,3,1.0,400.0,Staten Island
2122,Co-op,235000,1,1.0,2184.207862,Queens
2125,Co-op,565000,2,1.0,2184.207862,Brooklyn
2127,Co-op,1200000,2,2.0,1100.0,Brooklyn
2144,Co-op,255000,1,1.0,650.0,Queens
2149,Co-op,569000,2,2.0,2184.207862,Queens
2151,Co-op,398000,3,1.0,2184.207862,Queens
2159,Co-op,359000,2,1.0,2184.207862,Queens
2160,Co-op,725000,2,2.0,2184.207862,Queens
2161,Co-op,575000,2,1.0,2184.207862,Queens
2164,Co-op,239000,1,1.0,2184.207862,Queens
2168,Co-op,219000,3,1.0,550.0,Brooklyn
2176,Co-op,425000,3,2.0,1300.0,Queens
2178,Co-op,279999,1,1.0,790.0,Brooklyn
2180,Condo,980000,3,3.0,1574.0,Brooklyn
2184,Multi-family,1299999,7,5.0,2184.207862,Brooklyn
2189,Co-op,309000,1,1.0,850.0,Queens
2193,Condo,950000,3,2.0,1401.0,Brooklyn
2197,Condo,1390000,4,3.0,1950.0,Brooklyn
2201,Co-op,529000,2,2.0,1200.0,Queens
2211,Co-op,199900,3,1.0,550.0,Queens
2216,Co-op,399990,2,1.0,1000.0,Queens
2219,Co-op,199900,3,1.0,550.0,Queens
2221,Condo,16995000,4,4.0,3310.0,Manhattan
2225,Condo,690000,2,2.0,942.0,Brooklyn
2226,Co-op,185000,2,1.0,854.0,Brooklyn
2229,Condo,780000,2,2.0,955.0,Queens
2245,Condo,1150000,2,2.0,1850.0,Queens
2254,Co-op,475000,1,1.0,750.0,Brooklyn
2256,Co-op,325000,3,1.0,1200.0,Brooklyn
2266,Condo,1250000,2,2.0,1257.0,Queens
2276,Condo,1595000,3,2.0,1375.0,Brooklyn
2280,Condo,1338000,3,2.0,2082.0,Staten Island
2284,Co-op,349000,2,1.0,800.0,Brooklyn
2288,Condo,370000,3,1.0,462.0,Brooklyn
2297,Co-op,239000,1,1.0,700.0,Brooklyn
2300,Co-op,567000,3,2.0,2184.207862,Queens
2302,Co-op,189000,3,1.0,2184.207862,Queens
2306,Condo,1439000,4,2.0,1625.0,Brooklyn
2307,Co-op,379000,2,1.0,900.0,Queens
2309,Condo,1439000,4,2.0,1625.0,Brooklyn
2321,Condo,450000,1,1.0,724.0,Brooklyn
2324,Condo,349980,3,1.0,2184.207862,Queens
2328,Co-op,189999,1,1.0,2184.207862,Queens
2329,Co-op,189999,1,1.0,2184.207862,Queens
2331,Condo,349980,3,1.0,2184.207862,Queens
2337,Co-op,399000,1,1.0,2184.207862,Queens
2343,Condo,2099000,2,2.0,1447.0,Brooklyn
2345,Multi-family,1999999,12,6.0,2184.207862,Brooklyn
2352,Co-op,299000,1,1.0,850.0,Queens
2355,Co-op,449000,1,2.0,1213.0,Queens
2356,Condo,1250000,3,2.0,1287.0,Brooklyn
2358,Co-op,315000,1,1.0,2184.207862,Queens
2359,Co-op,499000,2,1.0,900.0,Brooklyn
2361,Condo,625000,4,2.0,1268.0,Brooklyn
2364,Co-op,1495000,3,1.0,2184.207862,Brooklyn
2366,Condo,625000,4,2.0,1268.0,Brooklyn
2371,Condo,1198000,1,2.0,2184.207862,Queens
2380,Co-op,269000,1,1.0,2184.207862,Queens
2384,Co-op,279000,1,1.0,600.0,Brooklyn
2387,Condo,560000,3,1.0,622.0,Brooklyn
2391,Condo,735000,2,2.0,832.0,Brooklyn
2392,Multi-family,1399000,13,5.0,2184.207862,Brooklyn
2403,Condo,618000,3,2.0,2184.207862,Brooklyn
2409,Co-op,399000,2,1.0,1090.0,Queens
2413,Condo,239500,1,1.0,864.0,Staten Island
2420,Co-op,599000,2,2.0,2184.207862,Queens
2424,Co-op,459000,1,1.0,2184.207862,Brooklyn
2426,Condo,745000,2,2.0,2184.207862,Brooklyn
2427,Co-op,440000,2,1.0,2184.207862,Queens
2436,Condo,350000,1,1.0,738.0,Staten Island
2448,Co-op,189900,1,1.0,600.0,Brooklyn
2456,Co-op,229000,1,1.0,650.0,Brooklyn
2459,Co-op,850000,2,2.0,2184.207862,Brooklyn
2463,Condo,830000,2,2.0,2184.207862,Queens
2469,Condo,499000,2,1.0,825.0,Brooklyn
2470,Condo,450000,2,1.0,1249.0,Queens
2475,Co-op,940000,3,2.0,2184.207862,Queens
2476,Condo,539000,2,2.0,821.0,Brooklyn
2480,Condo,2550000,3,2.0,2400.0,Brooklyn
2491,Co-op,370000,2,1.0,800.0,Brooklyn
2494,Co-op,289000,1,1.0,520.0,Brooklyn
2502,Condo,340000,1,1.0,850.0,Brooklyn
2504,Co-op,199999,1,1.0,550.0,Brooklyn
2506,Co-op,799000,2,2.0,1043.0,Brooklyn
2514,Condo,593000,2,2.0,1312.0,Staten Island
2519,Co-op,379000,2,1.0,2184.207862,Queens
2520,Co-op,299000,1,1.0,800.0,Queens
2526,Condo,579000,2,2.0,750.0,Queens
2528,Co-op,579000,2,1.0,2184.207862,Queens
2541,Co-op,564900,1,1.0,769.0,Brooklyn
2548,Co-op,279999,2,1.0,666.0,Brooklyn
2549,Co-op,418000,2,1.0,2184.207862,Queens
2554,Co-op,258000,1,1.0,650.0,Brooklyn
2555,Condo,700000,2,2.0,1124.0,Queens
2563,Co-op,375000,1,1.0,1185.0,Staten Island
2564,Multi-family,2700000,24,24.0,18936.0,Brooklyn
2567,Co-op,285000,1,1.0,900.0,Brooklyn
2569,Condo,674999,3,1.0,1299.0,Staten Island
2572,Condo,995000,2,2.0,1030.0,Brooklyn
2573,Co-op,229000,1,1.0,2184.207862,Brooklyn
2577,Co-op,225000,1,1.0,2184.207862,Queens
2590,Condo,450000,3,1.0,494.0,Brooklyn
2597,Co-op,198000,1,1.0,2184.207862,Queens
2602,Condo,499000,1,1.0,845.0,Brooklyn
2603,Co-op,204888,3,1.0,2184.207862,Queens
2612,Condo,420000,2,1.0,840.0,Staten Island
2615,Co-op,268000,1,1.0,850.0,Queens
2624,Co-op,213000,3,1.0,430.0,Brooklyn
2628,Co-op,649000,2,2.0,1500.0,Queens
2629,Co-op,439000,2,1.0,900.0,Queens
2632,Co-op,349999,1,1.0,2184.207862,Queens
2637,Co-op,1150000,1,1.0,984.0,Brooklyn
2640,Co-op,318888,1,1.0,875.0,Queens
2641,Co-op,799000,2,2.0,1549.0,Queens
2642,Co-op,489000,2,1.0,950.0,Brooklyn
2643,Co-op,398000,2,1.0,900.0,Brooklyn
2647,Condo,899999,3,3.0,1750.0,Queens
2650,Condo,899999,3,3.0,1750.0,Queens
2651,Condo,1325000,3,2.0,1597.0,Brooklyn
2652,Townhouse,595000,1,2.0,846.0,Brooklyn
2654,Condo,330000,1,1.0,726.0,Staten Island
2656,Co-op,425000,2,1.0,2184.207862,Brooklyn
2658,Condo,999000,2,2.0,1187.0,Queens
2662,Condo,728000,3,2.0,1450.0,Queens
2668,Condo,569000,1,1.0,739.0,Brooklyn
2675,Co-op,300000,3,1.0,600.0,Brooklyn
2682,Co-op,289000,3,1.0,2184.207862,Brooklyn
2693,Co-op,959000,3,4.0,1993.0,Queens
2698,Condo,744000,2,1.0,890.0,Queens
2701,Co-op,475000,1,1.0,2184.207862,Brooklyn
2712,Co-op,395250,1,1.0,650.0,Queens
2715,Condo,1450000,3,3.0,1855.0,Queens
2718,Co-op,297000,1,1.0,800.0,Queens
2719,Co-op,244900,1,1.0,518.0,Queens
2721,Co-op,230000,1,1.0,2184.207862,Queens
2724,Co-op,539999,3,2.0,2184.207862,Queens
2727,Co-op,270000,2,1.0,700.0,Queens
2730,Co-op,240000,2,1.0,2184.207862,Queens
2731,Condo,628000,3,2.0,900.0,Queens
2732,Co-op,399000,2,1.0,2184.207862,Queens
2736,Co-op,240000,2,1.0,2184.207862,Queens
2738,Condo,595000,3,1.0,915.0,Brooklyn
2739,Condo,899000,2,2.0,1697.0,Staten Island
2748,Co-op,359000,2,1.0,950.0,Queens
2752,Co-op,400000,2,1.0,2184.207862,Queens
2763,Co-op,250000,1,1.0,800.0,Brooklyn
2766,Co-op,350000,3,2.0,1100.0,Brooklyn
2771,Co-op,1050000,1,1.0,2184.207862,Manhattan
2781,Townhouse,600000,3,1.0,2184.207862,Brooklyn
2790,Co-op,329000,1,1.0,764.0,Brooklyn
2793,Condo,1999999,3,3.0,1800.0,Brooklyn
2795,Co-op,379000,2,1.0,900.0,Queens
2801,Co-op,995000,1,1.0,2184.207862,Brooklyn
2804,Co-op,389000,1,1.0,900.0,Queens
2814,Co-op,269000,1,1.0,625.0,Brooklyn
2819,Co-op,239000,1,1.0,700.0,Brooklyn
2820,Co-op,385000,1,1.0,2184.207862,Queens
2823,Co-op,130000,3,1.0,2184.207862,Queens
2827,Condo,555000,1,1.0,649.0,Queens
2829,Co-op,349000,2,1.0,2184.207862,Queens
2835,Condo,948888,2,2.0,950.0,Brooklyn
2840,Condo,750000,1,1.0,654.0,Brooklyn
2842,Co-op,300000,1,1.0,2184.207862,Queens
2844,Co-op,450000,2,2.0,2184.207862,Queens
2848,Condo,5925000,3,4.0,2539.0,Brooklyn
2850,Condo,5925000,3,4.0,2539.0,Brooklyn
2855,Co-op,750000,1,1.0,2184.207862,Brooklyn
2857,Co-op,199000,3,1.0,650.0,Brooklyn
2867,Condo,599000,2,2.0,705.0,Queens
2872,Condo,729000,2,2.0,950.0,Queens
2875,Co-op,399999,2,1.0,2184.207862,Queens
2876,Co-op,397000,2,1.0,1000.0,Queens
2884,Condo,699000,2,2.0,1030.0,Queens
2885,Co-op,265000,3,1.0,650.0,Brooklyn
2895,Condo,2800000,2,2.0,1412.0,Manhattan
2897,Co-op,294500,1,1.0,2184.207862,Queens
2902,Co-op,208000,3,1.0,2184.207862,Queens
2904,Co-op,235000,1,1.0,2184.207862,Queens
2908,Co-op,385000,2,1.0,920.0,Queens
2909,Co-op,250000,1,1.0,750.0,Brooklyn
2918,Condo,825000,3,2.0,2184.207862,Queens
2923,Condo,485000,1,1.0,575.0,Queens
2933,Co-op,299000,1,1.0,2184.207862,Queens
2935,Condo,465000,2,2.0,708.0,Queens
2936,Co-op,278000,1,1.0,750.0,Queens
2938,Condo,685000,2,2.0,2184.207862,Queens
2942,Co-op,449000,2,2.0,1200.0,Queens
2943,Co-op,1100000,2,1.0,2184.207862,Brooklyn
2944,Condo,550000,3,2.3738608579684373,2184.207862,Brooklyn
2945,Condo,1899000,3,2.0,1900.0,Brooklyn
2952,Condo,548000,1,1.0,950.0,Queens
2956,Co-op,269000,3,1.0,2184.207862,Queens
2958,Co-op,155000,3,1.0,2184.207862,Brooklyn
2959,Co-op,449000,2,1.0,764.0,Queens
2964,Co-op,795000,2,1.0,2184.207862,Brooklyn
2965,Co-op,300000,2,1.0,800.0,Brooklyn
2969,Condo,425000,1,1.0,603.0,Brooklyn
2972,Co-op,410000,2,2.0,2184.207862,Queens
2973,Co-op,268000,1,1.0,660.0,Queens
2977,Condo,660000,2,2.0,970.0,Queens
2983,Co-op,349000,1,1.0,652.0,Brooklyn
2984,Co-op,269995,1,1.0,2184.207862,Queens
2987,Condo,425000,1,1.0,603.0,Brooklyn
2992,Co-op,629000,1,1.0,2184.207862,Manhattan
2997,Co-op,519000,2,2.0,1079.0,Queens
3004,Co-op,199000,1,1.0,600.0,Queens
3006,Co-op,518000,3,2.0,2184.207862,Queens
3010,Condo,1465000,2,1.0,1107.0,Brooklyn
3011,Co-op,278000,1,1.0,2184.207862,Queens
3012,Co-op,469000,2,1.0,2184.207862,Queens
3013,Co-op,225000,1,1.0,2184.207862,Queens
3025,Condo,269000,3,1.0,485.0,Brooklyn
3028,Co-op,1150000,2,1.0,900.0,Brooklyn
3030,Condo,799000,5,2.0,1500.0,Brooklyn
3034,Co-op,385000,1,1.0,779.0,Brooklyn
3036,Condo,539000,2,1.0,708.0,Brooklyn
3052,Condo,898000,1,2.0,1340.0,Brooklyn
3053,Co-op,189990,1,1.0,2184.207862,Queens
3062,Condo,594900,2,1.0,729.0,Brooklyn
3064,Condo,639000,2,2.0,800.0,Queens
3070,Co-op,500000,3,2.0,2184.207862,Brooklyn
3071,Condo,349000,3,1.0,500.0,Queens
3077,Co-op,275000,1,1.0,2184.207862,Queens
3078,Co-op,219000,1,1.0,2184.207862,Queens
3085,Condo,560000,2,2.0,1008.0,Staten Island
3090,Condo,1249000,2,2.0,2158.0,Brooklyn
3092,Co-op,449000,2,1.0,2184.207862,Queens
3106,Co-op,399000,1,1.0,750.0,Brooklyn
3115,Condo,550000,1,1.0,721.0,Queens
3117,Condo,888000,2,2.0,1146.0,Brooklyn
3124,Co-op,259000,2,1.0,2184.207862,Brooklyn
3127,Co-op,399999,2,1.0,2184.207862,Brooklyn
3128,Condo,10800000,5,6.0,4544.0,Brooklyn
3132,Condo,599999,2,1.0,932.0,Brooklyn
3133,Condo,699000,3,2.0,1290.0,Queens
3137,Co-op,224000,1,1.0,2184.207862,Queens
3145,Co-op,339000,1,1.0,910.0,Queens
3152,Co-op,549995,3,1.0,2184.207862,Brooklyn
3158,Co-op,288000,1,1.0,800.0,Brooklyn
3161,Co-op,250000,3,1.0,2184.207862,Queens
3163,Co-op,225000,1,1.0,2184.207862,Queens
3164,Co-op,380000,2,1.0,850.0,Brooklyn
3167,Co-op,150000,3,1.0,2184.207862,Queens
3169,Condo,665000,2,1.0,1120.0,Queens
3170,Condo,899000,1,2.0,1151.0,Brooklyn
3174,Co-op,437500,1,1.0,2184.207862,Queens
3180,Co-op,318000,1,1.0,2184.207862,Queens
3183,Condo,625000,3,1.0,458.0,Brooklyn
3185,Co-op,419000,2,1.0,1000.0,Brooklyn
3186,Co-op,448000,1,1.0,750.0,Brooklyn
3192,Co-op,420000,3,2.0,1200.0,Queens
3195,Condo,225000,3,1.0,2184.207862,Brooklyn
3198,Co-op,450500,2,1.0,1200.0,Queens
3201,Co-op,175000,3,1.0,2184.207862,Queens
3202,Co-op,720000,1,1.0,2184.207862,Brooklyn
3207,Condo,2250000,3,2.0,2184.207862,Brooklyn
3211,Condo,469000,2,1.0,780.0,Queens
3212,Condo,1355000,3,2.0,2184.207862,Brooklyn
3218,Condo,285000,1,1.0,613.0,Staten Island
3220,Condo,489000,2,2.0,1100.0,Brooklyn
3226,Co-op,180000,3,1.0,500.0,Queens
3231,Condo,1050000,4,2.0,2800.0,Brooklyn
3235,Condo,558000,2,1.0,747.0,Queens
3240,Co-op,419000,3,2.3738608579684373,2184.207862,Brooklyn
3241,Co-op,329000,1,1.0,850.0,Brooklyn
3243,Co-op,438000,1,1.0,900.0,Queens
3246,House,750000,2,2.0,2184.207862,Brooklyn
3251,Co-op,499000,3,2.0,1266.0,Queens
3258,Co-op,460000,1,1.0,950.0,Brooklyn
3268,Co-op,248000,1,1.0,800.0,Queens
3271,Co-op,330000,2,1.0,2184.207862,Queens
3275,Condo,3200000,3,3.0,1820.0,Brooklyn
3280,Condo,249999,1,1.0,596.0,Staten Island
3283,Co-op,219000,1,1.0,780.0,Queens
3286,Co-op,449000,1,2.0,1130.0,Queens
3289,Condo,750000,2,2.0,732.0,Brooklyn
3290,Condo,780000,2,2.0,847.0,Queens
3294,Co-op,388000,2,2.0,2184.207862,Queens
3295,Co-op,224995,3,1.0,550.0,Queens
3296,Co-op,239000,1,1.0,670.0,Brooklyn
3297,Co-op,529000,2,2.0,1200.0,Brooklyn
3298,Condo,995000,4,2.0,1782.0,Brooklyn
3302,Co-op,265000,1,1.0,2184.207862,Queens
3304,Condo,1995000,1,1.0,826.0,Manhattan
3305,Condo,820000,1,2.0,788.0,Brooklyn
3307,Co-op,210000,1,1.0,2184.207862,Queens
3310,Co-op,388000,2,2.0,2184.207862,Queens
3315,Co-op,292950,1,1.0,675.0,Queens
3317,Condo,1540000,3,3.0,1357.0,Brooklyn
3330,Co-op,479500,2,2.0,2184.207862,Queens
3348,Co-op,635000,1,1.0,2184.207862,Brooklyn
3358,Co-op,324888,1,1.0,713.0,Queens
3360,Co-op,165000,3,1.0,400.0,Queens
3362,Co-op,130000,3,1.0,422.0,Queens
3365,Condo,1049000,3,1.0,897.0,Brooklyn
3368,Co-op,219000,1,1.0,2184.207862,Queens
3376,Co-op,235000,1,1.0,675.0,Brooklyn
3378,Condo,680000,2,1.0,640.0,Brooklyn
3380,Co-op,595000,1,1.0,2184.207862,Manhattan
3390,Condo,679000,2,2.0,879.0,Brooklyn
3393,Co-op,169999,1,1.0,750.0,Queens
3394,Co-op,304900,1,1.0,850.0,Queens
3397,Co-op,279000,2,1.0,1000.0,Brooklyn
3399,Co-op,179000,1,1.0,2184.207862,Brooklyn
3401,Co-op,268000,2,1.0,950.0,Queens
3404,Co-op,293000,1,1.0,649.0,Queens
3406,Co-op,298888,1,1.0,700.0,Queens
3421,Co-op,2995000,3,2.0,2184.207862,Brooklyn
3424,Co-op,239000,2,1.0,950.0,Brooklyn
3437,Co-op,349000,2,1.0,900.0,Brooklyn
3440,Multi-family,1800000,11,6.0,5000.0,Queens
3449,Co-op,185000,3,1.0,400.0,Queens
3450,Condo,568000,1,1.0,2184.207862,Queens
3451,Condo,950000,1,1.0,2184.207862,Manhattan
3452,Condo,2000000,2,2.0,1441.0,Brooklyn
3456,Co-op,248000,1,1.0,2184.207862,Queens
3460,Condo,695000,3,2.0,704.0,Brooklyn
3469,Co-op,399000,1,1.0,2184.207862,Queens
3471,Co-op,535000,2,1.0,1000.0,Queens
3472,Co-op,429000,1,1.0,575.0,Brooklyn
3476,Co-op,235000,1,1.0,800.0,Brooklyn
3478,Condo,899000,2,1.0,1010.0,Brooklyn
3479,Co-op,269999,1,1.0,2184.207862,Queens
3487,Co-op,280000,1,1.0,650.0,Brooklyn
3493,Co-op,875000,2,2.0,1275.0,Brooklyn
3495,Condo,598000,1,1.0,663.0,Queens
3498,Co-op,355000,1,1.0,2184.207862,Queens
3503,Co-op,515000,2,2.0,1200.0,Brooklyn
3514,Condo,349000,3,1.0,2184.207862,Queens
3521,Co-op,355000,2,1.0,1000.0,Brooklyn
3525,Co-op,268800,1,1.0,725.0,Brooklyn
3526,Condo,640000,1,1.0,1022.0,Brooklyn
3530,Condo,640000,1,1.0,1022.0,Brooklyn
3532,Co-op,699000,2,2.0,1400.0,Queens
3542,Co-op,235000,3,1.0,2184.207862,Queens
3546,Condo,456000,1,1.0,2184.207862,Queens
3550,Condo,628000,3,2.0,1097.0,Brooklyn
3557,Co-op,416000,3,1.0,950.0,Queens
3559,Co-op,499000,1,1.0,800.0,Brooklyn
3570,Co-op,229000,3,1.0,500.0,Brooklyn
3572,Co-op,235000,1,1.0,2184.207862,Queens
3573,Condo,3500000,3,2.0,1896.0,Brooklyn
3584,Co-op,1695000,3,2.0,2184.207862,Manhattan
3586,Co-op,419800,2,1.0,1000.0,Queens
3592,Co-op,210000,3,1.0,550.0,Queens
3598,Co-op,440000,2,1.0,2184.207862,Brooklyn
3600,House,600000,2,2.0,2184.207862,Brooklyn
3602,Co-op,160000,3,1.0,2184.207862,Queens
3607,Condo,888000,3,2.0,1700.0,Brooklyn
3615,Co-op,119000,3,1.0,2184.207862,Queens
3622,Co-op,199888,1,1.0,2184.207862,Queens
3625,Co-op,119000,3,1.0,2184.207862,Queens
3632,Condo,209000,1,1.0,650.0,Staten Island
3633,Co-op,259000,3,1.0,590.0,Queens
3642,Condo,771770,2,2.0,710.0,Queens
3653,Condo,771770,2,2.0,710.0,Queens
3656,Co-op,449000,2,1.0,2184.207862,Queens
3658,Co-op,3950000,2,2.0,2184.207862,Manhattan
3660,Condo,7750000,3,3.0,2184.207862,Manhattan
3664,Co-op,360000,2,2.0,2184.207862,Queens
3667,Co-op,300000,1,1.0,800.0,Brooklyn
3670,Co-op,215000,1,1.0,2184.207862,Queens
3672,Condo,250000,3,1.0,2184.207862,Brooklyn
3686,Co-op,339000,1,1.0,2184.207862,Queens
3687,Co-op,255000,1,1.0,2184.207862,Queens
3688,Co-op,140000,3,1.0,2184.207862,Queens
3689,Co-op,240000,3,1.0,500.0,Queens
3695,Co-op,299000,3,1.0,650.0,Queens
3697,Condo,450888,1,1.0,2184.207862,Queens
3698,Co-op,298000,1,1.0,790.0,Brooklyn
3700,Condo,748000,2,2.0,713.0,Queens
3704,Co-op,229999,1,1.0,2184.207862,Queens
3707,Co-op,458000,2,1.0,2184.207862,Queens
3711,Co-op,470000,2,1.0,2184.207862,Queens
3730,Condo,565000,1,1.0,804.0,Brooklyn
3742,Condo,565000,1,1.0,804.0,Brooklyn
3760,Condo,418000,1,1.0,684.0,Queens
3764,Co-op,400000,1,1.0,2184.207862,Queens
3770,Co-op,265000,1,1.0,765.0,Brooklyn
3771,Co-op,169999,1,1.0,2184.207862,Queens
3778,Condo,445000,3,1.0,402.0,Queens
3779,Co-op,399000,2,1.0,960.0,Brooklyn
3784,Co-op,525000,3,2.0,2184.207862,Brooklyn
3785,Co-op,479000,2,1.0,1100.0,Brooklyn
3792,Condo,420000,1,1.0,668.0,Brooklyn
3796,Co-op,249000,2,1.0,1000.0,Brooklyn
3803,Condo,9975000,3,3.0,2241.0,Manhattan
3810,Co-op,329000,2,1.0,2184.207862,Queens
3817,Condo,7750000,5,6.0,3701.0,Brooklyn
3827,Co-op,275000,1,1.0,880.0,Brooklyn
3834,Co-op,279000,1,1.0,2184.207862,Queens
3835,Co-op,330000,1,1.0,656.0,Queens
3846,Co-op,190000,3,1.0,500.0,Queens
3852,Condo,359000,2,1.0,920.0,Brooklyn
3857,Condo,1175000,4,2.0,2184.207862,Queens
3859,Condo,2950000,3,2.0,1709.0,Brooklyn
3860,Condo,358000,3,1.0,2184.207862,Queens
3861,Co-op,189999,1,1.0,2184.207862,Queens
3864,Condo,380000,3,1.0,393.0,Brooklyn
3865,Condo,380000,3,1.0,393.0,Brooklyn
